Category,Presence
Accessories,Both (Web & Store)
As Seen On Tv!,Both (Web & Store)
Baseball & Softball,Both (Web & Store)
Basketball,Both (Web & Store)
Boxing & Mma,Both (Web & Store)
Camping & Hiking,Both (Web & Store)
Cardio Equipment,Both (Web & Store)
Cleats,Both (Web & Store)
Electronics,Both (Web & Store)
Featured Shops,Web Only
Fishing,Both (Web & Store)
Fitness Accessories,Both (Web & Store)
Girls' Apparel,Both (Web & Store)
Golf Apparel,Both (Web & Store)
Golf Bags & Carts,Both (Web & Store)
Golf Balls,Both (Web & Store)
Golf Gloves,Both (Web & Store)
Golf Shoes,Both (Web & Store)
Hockey,Both (Web & Store)
Hunting & Shooting,Both (Web & Store)
Indoor/outdoor Games,Both (Web & Store)
Kids' Golf Clubs,Both (Web & Store)
Lacrosse,Both (Web & Store)
Men's Footwear,Both (Web & Store)
Men's Golf Clubs,Both (Web & Store)
Shop By Sport,Both (Web & Store)
Soccer,Both (Web & Store)
Strength Training,Both (Web & Store)
Tennis & Racquet,Both (Web & Store)
Trade-in,Both (Web & Store)
Water Sports,Both (Web & Store)
Women's Apparel,Both (Web & Store)
Women's Golf Clubs,Both (Web & Store)
